TEGDMA,h,noz,sub,vF,vS,critLength,max x,mean x,median x,ster x,max y,mean y,median y,ster y,max x/y,mean x/y,median x/y,ster x/y,max x/max y,mean x/meany,median x/median y,ster x/ster y
25,150,FDTS,film,1.5,4.5,2,8.479884469195415,2.825594772792866,2.602749135541288,0.014740100037278684,10.193378920617857,3.004732143005518,2.6543950356150927,0.015644912529149978,142189.41537673073,14.647077956635986,0.8471801912492832,9.372781585194137,0.8319012307139289,0.9403815842188623,0.9805432502017031,0.9421657046541215
25,150,FDTS,film,1.5,5.5,2,6.727582994235209,2.2249311654262867,2.0787189455445354,0.014733135555097107,14.876928573647618,3.624748901088996,2.747233471733107,0.028686942776219925,4852.887504156,4.555820925024022,0.538479014000973,0.7088890552673007,0.45221585631271866,0.613816632859132,0.7566590051165781,0.5135833284859534
25,150,FDTS,film,1.5,6.5,2,9.604107256189506,3.010009866250119,2.6328072510066507,0.01864604993426728,11.543551661390053,2.5332854855898908,2.2234509619444927,0.01927496446678322,744712.6332831277,78.61088544986217,1.3211949050413825,70.84054075512283,0.8319889352869234,1.1881842308622472,1.1841085304189307,0.9673714297320881